song_id,title,year,album,word_count,unique_words,ttr,avg_word_length,line_count,avg_line_length,repetition_ratio,question_marks,exclamation_marks,comma_count,quote_count,first_person_count,second_person_count,period,style_cluster,pca1,pca2
1,אותיות נחמה,2025,אותיות נחמה,125,71,0.568,4.464,1,125.0,0.432,5,1,16,0,6,6,Late,1,-2.1936289597303364,-0.19400403637810207
2,משמעות לחלומותיי,2025,אותיות נחמה,176,71,0.4034090909090909,3.659090909090909,1,176.0,0.5965909090909091,9,0,16,6,10,4,Late,1,0.1418834695971016,2.1573584314656062
3,כשהכל יתבהר,2025,אותיות נחמה,158,68,0.43037974683544306,4.050632911392405,1,158.0,0.569620253164557,6,0,21,0,10,4,Late,1,-0.7325719485223279,1.5491821105733405
4,היה לי אותך,2025,אותיות נחמה,159,88,0.5534591194968553,3.8679245283018866,1,159.0,0.44654088050314467,6,1,18,2,17,8,Late,1,-0.19800612186726999,0.4818759156923318
5,פעם פם פם,2025,אותיות נחמה,185,109,0.5891891891891892,3.9513513513513514,1,185.0,0.41081081081081083,0,0,14,15,1,2,Late,2,-0.29418422986841647,-1.2894045254912703
6,הפנים היפות,2025,אותיות נחמה,132,86,0.6515151515151515,3.840909090909091,1,132.0,0.3484848484848485,1,0,19,2,5,5,Late,2,-1.6290104775669902,-0.8399661543562079
7,מישהו חושב עליך,2025,אותיות נחמה,215,87,0.4046511627906977,3.7674418604651163,1,215.0,0.5953488372093023,1,0,16,10,3,8,Late,1,0.8242452280063978,1.2221793087956405
8,לטרוף את החיים,2025,אותיות נחמה,188,121,0.6436170212765957,4.031914893617022,1,188.0,0.35638297872340424,0,0,27,12,9,7,Late,2,0.39457658520975303,-1.8954479647856957
9,תני לי יד בעולם,2025,אותיות נחמה,137,101,0.7372262773722628,3.9124087591240877,1,137.0,0.26277372262773724,3,0,15,6,10,4,Late,2,-1.3834908400677342,-1.9316212792946108
10,עזור לי,2025,אותיות נחמה,112,67,0.5982142857142857,3.7767857142857144,1,112.0,0.4017857142857143,2,0,19,6,7,5,Late,1,-1.748023634109964,0.002616597450413128
11,פעם טעים ופעם מר,2025,אותיות נחמה,153,87,0.5686274509803921,3.9411764705882355,1,153.0,0.43137254901960786,1,3,32,0,6,3,Late,1,-0.9732386748730466,0.015511025100490147
12,ליד הים,2025,אותיות נחמה,180,69,0.38333333333333336,3.65,1,180.0,0.6166666666666667,1,0,41,9,11,11,Late,0,1.1044480367213247,1.9251010377950504
13,שקט עכשיו בחדר,2025,אותיות נחמה,218,134,0.6146788990825688,4.151376146788991,1,218.0,0.3853211009174312,0,5,26,3,13,8,Late,2,0.8871238930241362,-1.2333991415457892
14,השיר החסר,2025,אותיות נחמה,244,143,0.5860655737704918,4.094262295081967,1,244.0,0.4139344262295082,2,0,48,0,5,12,Late,0,1.7316156657521726,-1.5075898363634352
15,שווה שוב להתחיל,2025,אותיות נחמה,229,122,0.5327510917030568,3.925764192139738,1,229.0,0.4672489082969432,0,0,25,0,14,18,Late,0,1.6886252496548966,-0.23109667507499165
16,ואולי,2016,קצפת,194,111,0.5721649484536082,3.8556701030927836,1,194.0,0.42783505154639173,0,0,29,0,6,1,Late,2,-0.055452210750888936,-0.6384062107361251
17,עוד אחד ודי,2016,קצפת,197,122,0.6192893401015228,3.7563451776649748,1,197.0,0.38071065989847713,2,0,43,8,1,4,Late,2,0.5430977907036452,-1.4042008851383527
18,לנצח יחד,2016,קצפת,179,108,0.6033519553072626,3.9497206703910615,1,179.0,0.39664804469273746,6,0,18,4,12,8,Late,2,0.02538611004226852,-0.6267781056741996
19,ביתנו,2016,קצפת,158,112,0.7088607594936709,4.1835443037974684,1,158.0,0.2911392405063291,0,0,19,5,3,10,Late,2,-1.1017864940083633,-2.3063150699501263
20,כמעט,2016,קצפת,246,144,0.5853658536585366,3.959349593495935,1,246.0,0.4146341463414634,2,0,39,1,9,10,Late,0,1.8497736535234601,-1.309581650504727
21,בסתיו,2016,קצפת,243,138,0.5679012345679012,4.131687242798354,1,243.0,0.43209876543209874,0,0,30,12,8,9,Late,0,1.767490118920752,-1.6406730130754315
22,מחמל נפשי,2016,קצפת,232,134,0.5775862068965517,3.9525862068965516,1,232.0,0.4224137931034483,0,0,3,0,4,15,Late,2,0.7149381062262142,-0.9130889632369815
23,פעם אחת בחודש,2016,קצפת,222,128,0.5765765765765766,3.900900900900901,1,222.0,0.42342342342342343,0,0,35,10,17,16,Late,0,2.1589850930222387,-1.0318665274379157
24,קצפת,2016,קצפת,181,105,0.580110497237569,4.12707182320442,1,181.0,0.4198895027624309,0,0,16,6,6,2,Late,2,-0.579632413511817,-1.018059570330879
25,איך מרגישים כשיש אהבה,2016,קצפת,225,110,0.4888888888888889,4.142222222222222,1,225.0,0.5111111111111111,8,0,34,2,7,4,Late,0,0.8908044098195802,0.057616932916975505
26,עלייך לא אוותר,2016,קצפת,222,103,0.46396396396396394,3.5585585585585586,1,222.0,0.536036036036036,1,0,24,0,17,8,Late,0,1.5644638514215536,1.1050156152965327
27,והאמת,2016,קצפת,139,71,0.5107913669064749,4.0503597122302155,1,139.0,0.4892086330935252,0,0,16,0,5,1,Late,1,-1.7525754951723675,0.4552088732258773
28,הכינורות,2016,קצפת,208,128,0.6153846153846154,3.9663461538461537,1,208.0,0.38461538461538464,1,0,23,0,6,14,Late,2,0.5730336924727583,-1.217416306562769
29,גבעה אחת,2016,קצפת,155,98,0.632258064516129,4.219354838709678,1,155.0,0.36774193548387096,0,0,24,0,0,0,Late,2,-1.7440011237096837,-1.448936444422073
30,חוזרים הביתה,2012,אושר אקספרס,175,103,0.5885714285714285,4.08,1,175.0,0.4114285714285714,6,0,18,0,1,8,Late,2,-0.817690427096066,-0.5885492799020329
31,כל יום,2012,אושר אקספרס,199,86,0.4321608040201005,3.9748743718592965,1,199.0,0.5678391959798995,0,0,3,0,15,5,Late,1,0.10111636734596224,1.222227718746594
32,לתת ולקחת,2012,אושר אקספרס,131,66,0.5038167938931297,4.030534351145038,1,131.0,0.4961832061068702,1,0,27,1,0,4,Late,1,-1.765049542962939,0.5489611726333775
33,נדבר מהלב,2012,אושר אקספרס,189,107,0.5661375661375662,4.084656084656085,1,189.0,0.43386243386243384,0,0,31,5,2,9,Late,2,0.002032518813634288,-0.9022311362907331
34,אלוהיי,2012,אושר אקספרס,209,119,0.569377990430622,3.61244019138756,1,209.0,0.430622009569378,0,0,0,0,8,12,Late,2,0.43951139886048923,-0.14369229713425025
35,לא מוותר על החלום שלי,2012,אושר אקספרס,210,117,0.5571428571428572,4.09047619047619,1,210.0,0.44285714285714284,0,0,1,1,15,3,Late,2,0.12783970501811326,-0.6121627927626421
36,אומץ,2012,אושר אקספרס,170,110,0.6470588235294118,4.0,1,170.0,0.35294117647058826,0,0,19,3,7,9,Late,2,-0.5315256861387216,-1.3890920020801505
37,פלורידה,2012,אושר אקספרס,384,219,0.5703125,3.96875,1,384.0,0.4296875,2,2,69,8,18,15,Late,0,6.585283892852602,-2.5327267691464512
38,מת להגיד לך,2012,אושר אקספרס,198,112,0.5656565656565656,3.757575757575758,1,198.0,0.43434343434343436,1,0,30,0,5,8,Late,2,0.3751740645809593,-0.3768466739664497
39,קיץ בארץ לו,2012,אושר אקספרס,229,175,0.7641921397379913,3.921397379912664,1,229.0,0.23580786026200873,1,0,38,0,5,10,Late,2,1.1865092925177176,-3.4356492998092136
40,אושר אקספרס,2012,אושר אקספרס,224,142,0.6339285714285714,4.227678571428571,1,224.0,0.36607142857142855,0,0,0,6,7,3,Late,2,0.12872821107565346,-2.1398815546031864
41,שלא יעלמו הדברים היפים,2012,אושר אקספרס,157,90,0.5732484076433121,3.961783439490446,1,157.0,0.4267515923566879,1,0,0,0,6,8,Late,2,-1.3148761186693347,-0.1159558972753125
42,תתארו לכם,2007,שפויים,202,113,0.5594059405940595,4.034653465346534,1,202.0,0.4405940594059406,0,0,19,2,8,15,Late,2,0.5177201535767676,-0.5772820973055672
43,האמיתי,2007,שפויים,203,127,0.625615763546798,3.600985221674877,1,203.0,0.37438423645320196,2,0,8,2,0,24,Late,2,0.6268561919553486,-0.7572930338588523
44,איסלנד,2007,שפויים,157,90,0.5732484076433121,4.140127388535032,1,157.0,0.4267515923566879,2,0,18,5,11,11,Late,2,-0.5545044249447035,-0.4332383802599681
45,נצמדנו,2007,שפויים,249,135,0.5421686746987951,4.088353413654619,1,249.0,0.4578313253012048,4,0,31,4,16,6,Late,0,1.958732681102567,-0.8463188266101827
46,לעזאזל איך לא ידעתי,2007,שפויים,239,123,0.5146443514644351,3.811715481171548,1,239.0,0.48535564853556484,5,0,5,10,12,10,Late,0,1.624487986494827,-0.06807358776349072
47,מתנה ליום הולדת,2007,שפויים,140,82,0.5857142857142857,4.171428571428572,1,140.0,0.4142857142857143,1,0,0,0,9,13,Late,2,-1.5635656912782083,-0.2351278281085555
48,החיים,2007,שפויים,243,127,0.522633744855967,4.045267489711934,1,243.0,0.4773662551440329,1,1,11,0,17,4,Late,0,1.2415755082363513,-0.29815189795656
49,הבחורה שלי,2007,שפויים,192,112,0.5833333333333334,3.8802083333333335,1,192.0,0.4166666666666667,4,0,2,14,15,22,Late,2,1.1237932125987473,-0.5148921304638112
50,תוכיחי לי,2007,שפויים,254,102,0.4015748031496063,3.661417322834646,1,254.0,0.5984251968503937,4,2,12,0,21,12,Late,0,2.3222047181495626,1.988041093510241
51,ברגע האחרון,2007,שפויים,119,59,0.4957983193277311,3.966386554621849,1,119.0,0.5042016806722689,0,0,8,0,6,7,Late,1,-2.0093523680368635,1.0393011652608424
52,דמעות שחורות,2007,שפויים,132,52,0.3939393939393939,3.8636363636363638,1,132.0,0.6060606060606061,0,0,6,0,20,10,Late,1,-0.7778637158410439,2.450763175352214
53,הילוך חוזר,2007,שפויים,228,116,0.5087719298245614,3.6973684210526314,1,228.0,0.49122807017543857,0,0,19,4,12,7,Late,0,1.352739489126737,0.10644792692805699
54,שפויים,2007,שפויים,369,189,0.5121951219512195,4.119241192411924,1,369.0,0.4878048780487805,2,0,27,1,18,9,Late,0,4.724332773631141,-1.5034634885570348
55,לעולמים,2007,שפויים,182,96,0.5274725274725275,4.021978021978022,1,182.0,0.4725274725274725,1,0,2,5,10,15,Late,2,-0.050129648941518085,0.09630696848605576
56,הרחק מכאן,2007,שפויים,172,103,0.5988372093023255,3.6744186046511627,1,172.0,0.4011627906976744,0,0,3,1,14,1,Late,2,-0.5699582046683292,-0.3003118191433855
57,פה ושם,2002,צימאון,199,125,0.628140703517588,3.8241206030150754,1,199.0,0.37185929648241206,1,0,32,9,5,1,Middle,2,0.4128745584476436,-1.60503303966046
58,בשקט בשקט,2002,צימאון,147,91,0.6190476190476191,3.598639455782313,1,147.0,0.38095238095238093,0,0,0,0,11,7,Middle,2,-1.1384651904499732,-0.10906776119783036
59,דבר איתי על המצב,2002,צימאון,184,120,0.6521739130434783,3.722826086956522,1,184.0,0.34782608695652173,0,0,0,0,3,5,Middle,2,-0.8030024149096553,-1.1849247434283985
60,על פי תנועת הרכבות,2002,צימאון,288,99,0.34375,3.4583333333333335,1,288.0,0.65625,0,0,27,0,18,10,Middle,0,3.2612459513477536,2.2667192327023384
61,להציל אותך,2002,צימאון,157,85,0.5414012738853503,3.6751592356687897,1,157.0,0.4585987261146497,1,6,11,0,2,12,Middle,1,-0.9182917383517539,1.0381382611786654
62,שיר הקירבה,2002,צימאון,163,80,0.49079754601226994,3.668711656441718,1,163.0,0.50920245398773,1,0,31,0,6,9,Middle,1,-0.21696592231366907,0.9865572839712463
63,כל אחד והסיפור שלו,2002,צימאון,259,134,0.5173745173745173,3.9382239382239383,1,259.0,0.4826254826254826,0,0,48,0,12,8,Middle,0,2.3534234379691883,-0.6064438942779744
64,בדרך,2002,צימאון,173,97,0.5606936416184971,3.745664739884393,1,173.0,0.4393063583815029,3,0,33,4,13,6,Middle,2,0.31015957746530853,-0.027207794600957482
65,געגועי,2002,צימאון,177,104,0.5875706214689266,4.350282485875706,1,177.0,0.4124293785310734,0,0,0,1,2,7,Middle,2,-1.344953203116902,-1.0829612030432523
66,עשרים וארבע שעות,2002,צימאון,286,129,0.45104895104895104,3.9405594405594404,1,286.0,0.548951048951049,0,1,46,0,9,8,Middle,0,2.7656893207301763,0.09298760939537197
67,הבית שלך,2002,צימאון,189,123,0.6507936507936508,4.015873015873016,1,189.0,0.3492063492063492,0,0,0,0,1,12,Middle,2,-0.7245953878039467,-1.510085548950483
68,פצצת אטום בשמים,2002,צימאון,107,78,0.7289719626168224,4.252336448598131,1,107.0,0.27102803738317754,0,0,0,0,5,6,Middle,2,-3.1030589556489936,-1.7718360307601522
69,הו לעזאזל,2002,צימאון,239,154,0.6443514644351465,4.2259414225941425,1,239.0,0.35564853556485354,0,0,32,11,5,4,Middle,2,1.2620044279336124,-2.781153315512001
70,צימאון,2002,צימאון,176,98,0.5568181818181818,3.8693181818181817,1,176.0,0.4431818181818182,4,0,26,0,9,5,Middle,2,-0.21241677342888587,-0.02159068666236442
71,לא לקחתי ללב,2002,צימאון,122,97,0.7950819672131147,4.10655737704918,1,122.0,0.20491803278688525,0,0,28,0,0,7,Middle,2,-2.3331403481924693,-2.7470759615688496
72,האהבה הישנה,1996,שניים,125,79,0.632,3.904,1,125.0,0.368,0,0,24,0,6,9,Middle,2,-1.6064591820572358,-0.5605941404622523
73,"לאן, לאן, לאן",1996,שניים,216,142,0.6574074074074074,3.763888888888889,1,216.0,0.3425925925925926,1,0,50,3,6,8,Middle,2,1.322035536157828,-1.9095511120201751
74,סיפור רומנטי,1996,שניים,167,89,0.5329341317365269,4.059880239520958,1,167.0,0.46706586826347307,1,0,37,0,3,7,Middle,1,-0.5619814046863263,-0.1115378539906169
75,אוטובוס מס' 1,1996,שניים,273,146,0.5347985347985348,4.010989010989011,1,273.0,0.4652014652014652,1,0,65,8,2,5,Middle,0,2.687934181436167,-1.522727249790481
76,זיכרון ורוד,1996,שניים,95,73,0.7684210526315789,3.8210526315789473,1,95.0,0.23157894736842105,0,0,18,2,3,6,Middle,2,-2.8034067361303654,-1.7428028679380498
77,מנגב לך את הדמעות,1996,שניים,114,58,0.5087719298245614,3.8157894736842106,1,114.0,0.49122807017543857,1,0,28,6,10,12,Middle,1,-1.0201627917311173,0.976967719193625
78,זה מה שנשאר,1996,שניים,190,72,0.37894736842105264,3.5736842105263156,1,190.0,0.6210526315789474,0,0,49,4,5,7,Middle,1,0.9160795723338793,1.9283468196044857
79,שיר על כל השאיפות,1996,שניים,145,80,0.5517241379310345,4.020689655172414,1,145.0,0.4482758620689655,0,0,36,0,4,3,Middle,1,-1.207073144137281,-0.14515139219844272
80,מגע אנושי,1996,שניים,93,75,0.8064516129032258,3.956989247311828,1,93.0,0.1935483870967742,0,0,17,1,3,0,Middle,2,-3.3145771219413347,-2.3317639331524127
81,הייתי והיינו,1996,שניים,219,166,0.7579908675799086,4.1506849315068495,1,219.0,0.2420091324200913,0,0,38,1,6,3,Middle,2,0.5520052913544212,-3.6425497335267707
82,שניים,1996,שניים,155,77,0.4967741935483871,3.3483870967741933,1,155.0,0.5032258064516129,1,0,36,3,11,3,Middle,1,0.047855870868661124,1.2406423592475437
83,נקח לנו יום,1996,שניים,203,86,0.4236453201970443,3.9064039408866993,1,203.0,0.5763546798029556,0,0,51,4,18,11,Middle,0,1.719110043863668,1.0975585428998287
84,היא לא יודעת מה עובר עלי,1996,שניים,179,85,0.4748603351955307,3.5977653631284916,1,179.0,0.5251396648044693,0,0,2,1,10,3,Middle,1,-0.3782747047673791,1.195108586838362
85,שישה,1996,שניים,172,82,0.47674418604651164,3.8430232558139537,1,172.0,0.5232558139534884,0,0,33,0,21,1,Middle,1,0.27981192042977526,0.9246669276369605
86,"דו""ח רצח",1996,שניים,182,120,0.6593406593406593,3.9395604395604398,1,182.0,0.34065934065934067,11,0,28,4,1,1,Middle,2,-0.47247696141208645,-1.4156496561977419
87,"צרות בת""א",1996,שניים,294,116,0.3945578231292517,3.6122448979591835,1,294.0,0.6054421768707483,1,0,42,1,20,6,Middle,0,3.5766250459310602,1.2547952041177326
88,אבסורד,1996,שניים,181,93,0.5138121546961326,3.8950276243093924,1,181.0,0.4861878453038674,0,0,37,6,6,2,Middle,1,0.06293804641328407,-0.05906373213407649
89,אור בקצה המנהרה,1996,שניים,245,137,0.5591836734693878,3.942857142857143,1,245.0,0.44081632653061226,0,0,44,5,5,6,Middle,0,1.7253942892527332,-1.2713646637918612
90,ריקוד סוף המאה,1996,שניים,168,94,0.5595238095238095,4.017857142857143,1,168.0,0.44047619047619047,0,0,36,12,6,2,Middle,2,-0.17235877639218902,-0.804898682052954
91,ירח,1992,ירח,232,128,0.5517241379310345,3.7758620689655173,1,232.0,0.4482758620689655,1,0,15,17,11,9,Middle,0,1.8176989679498934,-0.8899369068997816
92,כמו אז,1992,ירח,184,58,0.31521739130434784,3.3260869565217392,1,184.0,0.6847826086956522,1,0,24,2,5,14,Middle,1,0.7331639650676345,3.3670591912730625
93,קצת משונה שלא נשארת,1992,ירח,139,72,0.5179856115107914,3.9568345323741005,1,139.0,0.48201438848920863,4,0,12,10,4,17,Middle,1,-0.7857555025524272,0.5454505925376716
94,שאלתי מה קרה,1992,ירח,115,61,0.5304347826086957,3.5217391304347827,1,115.0,0.46956521739130436,0,0,20,0,0,0,Middle,1,-2.120155696729623,0.9737166745916523
95,תגידי,1992,ירח,109,40,0.3669724770642202,3.8440366972477062,1,109.0,0.6330275229357798,2,0,10,0,2,5,Middle,1,-2.1593499702061814,2.7055199842172852
96,"הסכין, הרובה והאבן",1992,ירח,158,69,0.43670886075949367,3.8734177215189876,1,158.0,0.5632911392405063,1,0,28,19,8,7,Middle,1,0.21498393141745156,0.880304618309574
97,מביטים בים,1992,ירח,177,90,0.5084745762711864,3.9322033898305087,1,177.0,0.4915254237288136,0,0,26,10,19,6,Middle,0,0.6327076208553816,0.1652475924916146
98,אני בא,1992,ירח,208,68,0.3269230769230769,3.9326923076923075,1,208.0,0.6730769230769231,0,0,32,0,24,13,Middle,0,1.6825704859061128,2.5685475662275863
99,אחרת אתה מת,1992,ירח,165,100,0.6060606060606061,3.9575757575757575,1,165.0,0.3939393939393939,0,0,31,6,0,18,Middle,2,-0.2110535719931446,-0.9386537681672834
100,ואלס בחמש ושלושים,1992,ירח,140,98,0.7,4.185714285714286,1,140.0,0.3,1,0,16,4,4,3,Middle,2,-1.8639907282312378,-1.977045280132177
101,פעם תורי ופעם תורך,1992,ירח,180,90,0.5,3.9444444444444446,1,180.0,0.5,2,0,27,8,7,3,Middle,1,-0.00983556702660092,0.16234418533112072
102,ערב בלי ירח,1992,ירח,184,74,0.40217391304347827,4.070652173913044,1,184.0,0.5978260869565217,0,0,33,4,9,2,Middle,1,0.058172655134619916,1.1901858118088764
103,ארץ חדשה,1988,חום יולי אוגוסט,362,178,0.49171270718232046,3.4751381215469612,1,362.0,0.5082872928176796,1,0,57,0,17,8,Middle,0,5.4977531657995495,-0.5896460206845946
104,"טלפני, טלפני",1988,חום יולי אוגוסט,244,104,0.4262295081967213,3.5081967213114753,1,244.0,0.5737704918032787,0,0,41,0,9,22,Middle,0,2.6076302159998153,1.3898794618409722
105,עבד הממהר,1988,חום יולי אוגוסט,240,115,0.4791666666666667,3.75,1,240.0,0.5208333333333334,0,0,21,10,4,9,Middle,0,1.5599739289313173,0.04154857767723757
106,חום יולי אוגוסט,1988,חום יולי אוגוסט,154,129,0.8376623376623377,4.045454545454546,1,154.0,0.16233766233766234,0,0,27,4,6,3,Middle,2,-1.2375088181428433,-3.6741206987424855
107,באיזשהו מקום,1988,חום יולי אוגוסט,156,67,0.42948717948717946,4.2243589743589745,1,156.0,0.5705128205128205,0,0,35,0,0,0,Middle,1,-1.3071825126011074,0.8672903061099108
108,לב שבור לרסיסים,1988,חום יולי אוגוסט,354,161,0.4548022598870056,3.810734463276836,1,354.0,0.5451977401129944,1,0,51,5,19,11,Middle,0,5.285413029985576,-0.43232515759916246
109,היית איתי הרי,1988,חום יולי אוגוסט,81,47,0.5802469135802469,4.0246913580246915,1,81.0,0.41975308641975306,0,0,10,0,1,1,Middle,1,-3.5081620497830146,0.24798817121368757
110,בגרמניה לפני המלחמה,1988,חום יולי אוגוסט,123,91,0.7398373983739838,3.910569105691057,1,123.0,0.2601626016260163,2,0,24,0,1,5,Middle,2,-2.174302710226921,-1.8088759476112304
111,אני כבר מצטער,1988,חום יולי אוגוסט,202,99,0.4900990099009901,3.8168316831683167,1,202.0,0.5099009900990099,0,0,26,0,35,6,Middle,0,1.6843786192730459,0.8163970866806884
112,רומניה,1988,חום יולי אוגוסט,243,180,0.7407407407407407,3.8847736625514404,1,243.0,0.25925925925925924,0,0,31,0,12,0,Middle,2,1.3654447844216455,-3.2916048047301314
113,נבראתי לך,1988,חום יולי אוגוסט,228,104,0.45614035087719296,3.8991228070175437,1,228.0,0.543859649122807,0,0,29,0,18,10,Middle,0,1.6531609254927853,0.7223446596678154
114,תחת שמי ים התיכון,1988,חום יולי אוגוסט,267,107,0.40074906367041196,3.640449438202247,1,267.0,0.599250936329588,0,0,43,4,33,7,Middle,0,3.7257314536832027,1.3984921416952993
115,ימים כאלה,1988,חום יולי אוגוסט,272,179,0.6580882352941176,3.8161764705882355,1,272.0,0.34191176470588236,1,0,47,2,17,5,Middle,0,2.967568346104032,-2.4451599141947336
116,או שזה הזמן,1988,חום יולי אוגוסט,263,58,0.22053231939163498,3.3307984790874525,1,263.0,0.779467680608365,0,0,43,0,3,6,Middle,0,2.2680439695884638,3.8797678945061866
117,כמו חצר גדולה,1988,חום יולי אוגוסט,254,171,0.6732283464566929,4.0078740157480315,1,254.0,0.32677165354330706,0,0,26,4,11,9,Middle,2,1.9001946415401618,-2.6822939993136803
118,תרקוד,1984,תרקוד,150,109,0.7266666666666667,3.7866666666666666,1,150.0,0.2733333333333333,1,1,25,0,6,7,Early,2,-1.057594801240456,-1.708657323195762
119,לא לזמן ממושך,1984,תרקוד,370,145,0.3918918918918919,3.535135135135135,1,370.0,0.6081081081081081,2,0,46,8,8,12,Early,0,5.325563897406347,0.519335409997805
120,צריך להתקדם,1984,תרקוד,136,53,0.3897058823529412,3.5808823529411766,1,136.0,0.6102941176470589,3,0,31,0,13,9,Early,1,-0.3069392717436691,2.6738468860591196
121,וביחד נזדקן,1984,תרקוד,95,66,0.6947368421052632,4.326315789473684,1,95.0,0.30526315789473685,0,0,7,0,2,0,Early,2,-3.6457340436301813,-1.489715194708375
122,בקומת הגג שלך,1984,תרקוד,274,96,0.35036496350364965,3.7116788321167884,1,274.0,0.6496350364963503,0,0,61,0,22,14,Early,0,3.782758379673178,1.8887142184614245
123,רוב הזמן את אישתי,1984,תרקוד,178,85,0.47752808988764045,3.9887640449438204,1,178.0,0.5224719101123596,0,0,31,0,8,10,Early,1,0.012864479858936973,0.635783553826392
124,איזו התחלה,1984,תרקוד,250,83,0.332,3.856,1,250.0,0.668,0,0,13,8,35,2,Early,0,2.6315537693691775,2.190752744812452
125,מה רצינו להגיד,1984,תרקוד,148,88,0.5945945945945946,3.8513513513513513,1,148.0,0.40540540540540543,4,0,20,0,5,13,Early,2,-0.8948579430306512,-0.09100961056434036
126,ועכשיו לנוע,1984,תרקוד,137,75,0.5474452554744526,3.9197080291970803,1,137.0,0.45255474452554745,0,0,27,0,0,8,Early,1,-1.4817199530726775,0.15835473602986458
127,אף פעם לא תדעי,1979,דרכים,163,47,0.2883435582822086,3.8650306748466257,1,163.0,0.7116564417177914,17,11,15,0,0,9,Early,1,-0.71883773393151,4.751980310191991
128,צוותא,1979,דרכים,124,64,0.5161290322580645,3.903225806451613,1,124.0,0.4838709677419355,0,0,17,0,10,7,Early,1,-1.5083995789778362,0.8401611538649996
129,אחרי הכל את שיר,1979,דרכים,120,74,0.6166666666666667,4.058333333333334,1,120.0,0.38333333333333336,0,0,20,0,11,4,Early,2,-1.8703689346226833,-0.4843630453137589
130,אתמול חלפו הציפורים,1979,דרכים,217,85,0.391705069124424,4.064516129032258,1,217.0,0.6082949308755761,0,0,7,0,0,0,Early,1,-0.3637866473922201,1.1942752705200015
131,שינויי מזג האוויר,1979,דרכים,157,67,0.4267515923566879,3.961783439490446,1,157.0,0.5732484076433121,0,12,23,0,1,13,Early,1,-0.852648810360204,2.4560636570076078
132,פתאום כשלא באת,1979,דרכים,149,109,0.7315436241610739,4.181208053691275,1,149.0,0.2684563758389262,2,0,13,0,8,0,Early,2,-1.795490533486686,-2.2517400393194893
133,שיר חייל,1979,דרכים,147,84,0.5714285714285714,3.761904761904762,1,147.0,0.42857142857142855,0,0,14,0,0,0,Early,1,-1.7190963401982113,-0.05696183834869528
134,עפיפונים,1979,דרכים,130,53,0.4076923076923077,3.3923076923076922,1,130.0,0.5923076923076923,0,0,13,0,0,17,Early,1,-0.9890731506710742,2.63684051125886
135,גבר הולך לאיבוד,1978,גבר הולך לאיבוד,105,31,0.29523809523809524,3.914285714285714,1,105.0,0.7047619047619048,0,0,0,0,0,6,Early,1,-2.4604988448417284,3.412105268215843
136,רק עלה,1978,גבר הולך לאיבוד,144,51,0.3541666666666667,4.243055555555555,1,144.0,0.6458333333333334,0,0,0,0,5,10,Early,1,-1.5779433218376515,2.207388483819953
137,את מספרת,1978,גבר הולך לאיבוד,254,91,0.35826771653543305,3.2559055118110236,1,254.0,0.6417322834645669,6,0,0,4,31,6,Early,0,2.8037424167973564,2.953798636799332
138,אל תוך העיר,1978,גבר הולך לאיבוד,157,63,0.4012738853503185,3.5859872611464967,1,157.0,0.5987261146496815,16,0,0,4,8,13,Early,1,-0.28717907961211014,2.9308603241469684
139,האיש ההוא,1978,גבר הולך לאיבוד,232,115,0.4956896551724138,3.8836206896551726,1,232.0,0.5043103448275862,0,0,45,0,11,15,Early,0,1.9375419917482317,0.07496692141027705
140,את אינך יודעת,1978,גבר הולך לאיבוד,117,35,0.29914529914529914,3.948717948717949,1,117.0,0.7008547008547008,0,0,0,0,0,1,Early,1,-2.4371896091153684,3.1907051504560315
141,בלילות אני מתגעגע,1978,גבר הולך לאיבוד,155,92,0.5935483870967742,3.8838709677419354,1,155.0,0.4064516129032258,0,0,0,2,0,5,Early,2,-1.6530662997816994,-0.4616900162733145
142,כמו ציפור,1978,גבר הולך לאיבוד,141,64,0.45390070921985815,4.028368794326241,1,141.0,0.5460992907801419,0,0,0,0,4,3,Early,1,-1.9096253559318586,1.2245192897911716
143,את ואני,1975,את ואני,118,55,0.4661016949152542,3.6440677966101696,1,118.0,0.5338983050847458,0,0,0,1,5,1,Early,1,-2.144028105638566,1.6919266484408397
144,את הלכת,1975,את ואני,268,176,0.6567164179104478,3.888059701492537,1,268.0,0.34328358208955223,1,0,0,1,9,14,Early,2,1.8247295101066023,-2.1700910822218242
145,עכשיו את מבוגרת להבין,1975,את ואני,157,74,0.4713375796178344,3.9554140127388533,1,157.0,0.5286624203821656,0,0,0,0,1,0,Early,1,-1.7644597149214043,0.8918281631183245
146,שיר אהבה אחרון,1975,את ואני,163,111,0.6809815950920245,3.8773006134969323,1,163.0,0.31901840490797545,0,0,0,0,5,9,Early,2,-1.2195562292969293,-1.4011353748459117
147,הריקוד האחרון של 1956,1975,את ואני,270,172,0.6370370370370371,4.037037037037037,1,270.0,0.362962962962963,9,0,0,1,5,4,Early,2,1.25068031435002,-1.9583814918856088
148,היי ליזה,1975,את ואני,117,72,0.6153846153846154,3.7948717948717947,1,117.0,0.38461538461538464,5,0,0,1,0,8,Early,1,-2.405686046158706,0.05562053922453085
149,פעם אהבתי אותך,1975,את ואני,159,119,0.7484276729559748,4.264150943396227,1,159.0,0.25157232704402516,1,0,0,0,0,1,Early,2,-2.2178108697388734,-2.733547107409244
150,אליל העשרה,1975,את ואני,66,28,0.42424242424242425,4.303030303030303,1,66.0,0.5757575757575758,0,0,4,0,5,1,Early,1,-3.7120017717003657,1.8175637642199516
151,דברים,1975,את ואני,267,105,0.39325842696629215,4.0187265917602994,1,267.0,0.6067415730337079,1,0,0,3,20,0,Early,0,1.6757926918436268,1.1062756959779918
152,מתחת למיטה,1975,את ואני,148,79,0.5337837837837838,4.391891891891892,1,148.0,0.46621621621621623,0,0,0,0,5,1,Early,1,-2.1494510594486025,-0.20768698135098904
153,יוסי בן עשרים ושש,1975,משחקי 26,228,89,0.39035087719298245,4.118421052631579,1,228.0,0.6096491228070176,4,0,0,0,0,1,Early,1,-0.227502181039228,1.2770487808177788
154,שיר התנועה,1975,משחקי 26,182,83,0.45604395604395603,4.164835164835165,1,182.0,0.5439560439560439,2,0,0,7,1,3,Early,1,-0.9535003825035725,0.521139601664334
155,מנגן ושר,1975,משחקי 26,308,84,0.2727272727272727,3.9285714285714284,1,308.0,0.7272727272727273,0,0,0,1,3,1,Early,0,1.7331612193396728,2.366901172042945
156,החברים הישנים,1975,משחקי 26,161,61,0.37888198757763975,3.4906832298136647,1,161.0,0.6211180124223602,0,0,18,0,0,20,Early,1,-0.1372366883654859,2.628362167077535
157,בואו נשחק משחק,1975,משחקי 26,116,67,0.5775862068965517,3.603448275862069,1,116.0,0.4224137931034483,2,0,3,0,5,8,Early,1,-2.0013547709731903,0.6775245750396293
158,הבלדה על אפרים,1975,משחקי 26,132,63,0.4772727272727273,3.371212121212121,1,132.0,0.5227272727272727,0,0,10,4,8,3,Early,1,-1.1028296796854873,1.681702030389545
159,שיר אהבה,1975,משחקי 26,171,95,0.5555555555555556,3.9590643274853803,1,171.0,0.4444444444444444,0,0,32,0,1,1,Early,2,-0.8435566781163754,-0.41450763267138874
160,המציל,1975,משחקי 26,109,79,0.7247706422018348,3.7339449541284404,1,109.0,0.27522935779816515,0,0,0,0,7,4,Early,2,-2.6298554521485693,-1.13699407229727
161,המזדנבות,1975,משחקי 26,169,80,0.47337278106508873,3.8875739644970415,1,169.0,0.5266272189349113,1,0,26,0,10,0,Early,1,-0.4987983133054762,0.8578979884217984
162,שיר על ילד מפורסם,1975,משחקי 26,121,102,0.8429752066115702,4.0578512396694215,1,121.0,0.15702479338842976,1,2,16,8,1,2,Early,2,-2.4851415950797127,-3.229968376974187
163,עזרא ובוקובזה,1975,משחקי 26,134,67,0.5,3.888059701492537,1,134.0,0.5,1,0,13,0,12,6,Early,1,-1.260847147074783,1.028835004038304
164,משחקי 26,1975,משחקי 26,171,69,0.40350877192982454,3.4327485380116958,1,171.0,0.5964912280701754,0,0,18,0,0,2,Early,1,-0.5971622583851479,2.107996967973462
165,מרקו,1970,שלמה ארצי,158,99,0.6265822784810127,3.607594936708861,1,158.0,0.37341772151898733,3,0,29,3,5,8,Early,2,-0.4110371851870214,-0.5282797589216753
166,האם עודך יפה,1970,שלמה ארצי,134,83,0.6194029850746269,3.753731343283582,1,134.0,0.3805970149253731,0,0,1,0,0,1,Early,2,-2.30013052639306,-0.3842219006820628
167,רק זיכרון אחד,1970,שלמה ארצי,258,130,0.5038759689922481,3.3410852713178296,1,258.0,0.49612403100775193,0,0,44,0,16,17,Early,0,3.2478749815026893,0.46806222539884296
168,זה העולם,1970,שלמה ארצי,171,81,0.47368421052631576,3.9005847953216373,1,171.0,0.5263157894736842,0,0,8,0,9,3,Early,1,-0.7585071694970451,0.9057976341201479
169,הנסיעה הנפלאה,1970,שלמה ארצי,133,64,0.48120300751879697,3.8646616541353382,1,133.0,0.518796992481203,0,0,18,4,9,7,Early,1,-1.1056523296721512,1.0645536915269382
170,פתאום עכשיו פתאום היום,1970,שלמה ארצי,222,118,0.5315315315315315,3.6486486486486487,1,222.0,0.46846846846846846,0,0,38,4,5,2,Early,0,1.1023358395122882,-0.33270618146685466
171,האם השלישית,1970,שלמה ארצי,150,74,0.49333333333333335,3.9466666666666668,1,150.0,0.5066666666666667,1,0,33,0,0,6,Early,1,-1.0892446400693998,0.617603257344417
172,יותר מזה אנחנו לא צריכים,1970,שלמה ארצי,152,94,0.618421052631579,3.9802631578947367,1,152.0,0.3815789473684211,0,0,19,0,1,8,Early,2,-1.3589527323306463,-0.8340705933325484
173,נח״ל ים,1970,שלמה ארצי,201,96,0.47761194029850745,4.129353233830845,1,201.0,0.5223880597014925,0,0,0,0,0,23,Early,1,-0.04780487459982262,0.4924142869372813
174,תפילת ערבית,1970,שלמה ארצי,153,74,0.48366013071895425,3.8562091503267975,1,153.0,0.5163398692810458,0,0,21,0,2,9,Early,1,-0.9774789739166367,0.9018602125017054
175,שיר קיץ,1970,שלמה ארצי,216,141,0.6527777777777778,3.8425925925925926,1,216.0,0.3472222222222222,3,0,39,0,11,6,Early,2,1.1060505235560805,-1.6674007579754462
176,בלדה על לבן בן בתואל,1970,שלמה ארצי,114,47,0.41228070175438597,4.491228070175438,1,114.0,0.5877192982456141,0,0,16,0,3,0,Early,1,-2.664842948179162,1.2369639629676408
